Block,TestName,PValue,Pass
1,nist::frequency,0.851555121266,PASS
1,nist::block_frequency,0.509678104103,PASS
1,nist::runs,0.761262928504,PASS
1,nist::longest_run,0.308809229537,PASS
1,nist::matrix_rank,0.529524020130,PASS
1,nist::spectral,0.530020728260,PASS
1,nist::overlapping_template,0.079916138440,PASS
1,nist::universal,0.686528087411,PASS
1,nist::linear_complexity,0.077498496683,PASS
1,nist::approximate_entropy,0.396095130021,PASS
1,nist::cumulative_sums_forward,0.968858899854,PASS
1,nist::cumulative_sums_backward,0.939108891060,PASS
1,nist::non_overlapping_template,0.813201180450,PASS
1,nist::non_overlapping_template,0.813900504560,PASS
1,nist::non_overlapping_template,0.600822998422,PASS
1,nist::non_overlapping_template,0.689759492905,PASS
1,nist::non_overlapping_template,0.171406005319,PASS
1,nist::non_overlapping_template,0.339510260684,PASS
1,nist::non_overlapping_template,0.145294694511,PASS
1,nist::non_overlapping_template,0.348461460579,PASS
1,nist::non_overlapping_template,0.291626301603,PASS
1,nist::non_overlapping_template,0.452083541574,PASS
1,nist::non_overlapping_template,0.189221559282,PASS
1,nist::non_overlapping_template,0.124472849404,PASS
1,nist::non_overlapping_template,0.846202181063,PASS
1,nist::non_overlapping_template,0.837420969287,PASS
1,nist::non_overlapping_template,0.087839717498,PASS
1,nist::non_overlapping_template,0.157329900744,PASS
1,nist::non_overlapping_template,0.203045968134,PASS
1,nist::non_overlapping_template,0.606525446448,PASS
1,nist::non_overlapping_template,0.056482189678,PASS
1,nist::non_overlapping_template,0.121535097549,PASS
1,nist::non_overlapping_template,0.712527373751,PASS
1,nist::non_overlapping_template,0.422803337225,PASS
1,nist::non_overlapping_template,0.272616885259,PASS
1,nist::non_overlapping_template,0.416412804752,PASS
1,nist::non_overlapping_template,0.200107963599,PASS
1,nist::non_overlapping_template,0.710320150604,PASS
1,nist::non_overlapping_template,0.505227956841,PASS
1,nist::non_overlapping_template,0.655701621468,PASS
1,nist::non_overlapping_template,0.856430653205,PASS
1,nist::non_overlapping_template,0.493766141391,PASS
1,nist::non_overlapping_template,0.131655863410,PASS
1,nist::non_overlapping_template,0.524857235642,PASS
1,nist::non_overlapping_template,0.033122685167,PASS
1,nist::non_overlapping_template,0.225088122621,PASS
1,nist::non_overlapping_template,0.466714918571,PASS
1,nist::non_overlapping_template,0.494634198241,PASS
1,nist::non_overlapping_template,0.340243006745,PASS
1,nist::non_overlapping_template,0.075654160458,PASS
1,nist::non_overlapping_template,0.864917803204,PASS
1,nist::non_overlapping_template,0.843042881883,PASS
1,nist::non_overlapping_template,0.393372460390,PASS
1,nist::non_overlapping_template,0.283720908136,PASS
1,nist::non_overlapping_template,0.590502596905,PASS
1,nist::non_overlapping_template,0.869238246253,PASS
1,nist::non_overlapping_template,0.952642450503,PASS
1,nist::non_overlapping_template,0.212244443364,PASS
1,nist::non_overlapping_template,0.131305285712,PASS
1,nist::non_overlapping_template,0.623101409170,PASS
1,nist::non_overlapping_template,0.910741030949,PASS
1,nist::non_overlapping_template,0.602918420225,PASS
1,nist::non_overlapping_template,0.174261850200,PASS
1,nist::non_overlapping_template,0.518810802917,PASS
1,nist::non_overlapping_template,0.174341982475,PASS
1,nist::non_overlapping_template,0.077298584817,PASS
1,nist::non_overlapping_template,0.379949871498,PASS
1,nist::non_overlapping_template,0.082033588016,PASS
1,nist::non_overlapping_template,0.279656077322,PASS
1,nist::non_overlapping_template,0.014922990950,PASS
1,nist::non_overlapping_template,0.151405350994,PASS
1,nist::non_overlapping_template,0.928548310975,PASS
1,nist::non_overlapping_template,0.391862268299,PASS
1,nist::non_overlapping_template,0.342375764274,PASS
1,nist::non_overlapping_template,0.411730993248,PASS
1,nist::non_overlapping_template,0.718719613826,PASS
1,nist::non_overlapping_template,0.841640924645,PASS
1,nist::non_overlapping_template,0.865144655483,PASS
1,nist::non_overlapping_template,0.480625608204,PASS
1,nist::non_overlapping_template,0.309630094865,PASS
1,nist::non_overlapping_template,0.455914924915,PASS
1,nist::non_overlapping_template,0.285197025048,PASS
1,nist::non_overlapping_template,0.609607785502,PASS
1,nist::non_overlapping_template,0.398126831270,PASS
1,nist::non_overlapping_template,0.592978281527,PASS
1,nist::non_overlapping_template,0.998768268439,PASS
1,nist::non_overlapping_template,0.813201180450,PASS
1,nist::non_overlapping_template,0.856336478281,PASS
1,nist::non_overlapping_template,0.340062702106,PASS
1,nist::non_overlapping_template,0.059474334408,PASS
1,nist::non_overlapping_template,0.828975630761,PASS
1,nist::non_overlapping_template,0.019090705192,PASS
1,nist::non_overlapping_template,0.085668868183,PASS
1,nist::non_overlapping_template,0.268050748265,PASS
1,nist::non_overlapping_template,0.468744983932,PASS
1,nist::non_overlapping_template,0.669325016180,PASS
1,nist::non_overlapping_template,0.622003881037,PASS
1,nist::non_overlapping_template,0.337678473345,PASS
1,nist::non_overlapping_template,0.843635979190,PASS
1,nist::non_overlapping_template,0.906838821263,PASS
1,nist::non_overlapping_template,0.662118236522,PASS
1,nist::non_overlapping_template,0.645780248172,PASS
1,nist::non_overlapping_template,0.621943893085,PASS
1,nist::non_overlapping_template,0.478760512985,PASS
1,nist::non_overlapping_template,0.680810859607,PASS
1,nist::non_overlapping_template,0.219394650796,PASS
1,nist::non_overlapping_template,0.473211931899,PASS
1,nist::non_overlapping_template,0.414760056852,PASS
1,nist::non_overlapping_template,0.601880213493,PASS
1,nist::non_overlapping_template,0.580686774669,PASS
1,nist::non_overlapping_template,0.519009217853,PASS
1,nist::non_overlapping_template,0.866408261179,PASS
1,nist::non_overlapping_template,0.375428168172,PASS
1,nist::non_overlapping_template,0.834707138806,PASS
1,nist::non_overlapping_template,0.101540217848,PASS
1,nist::non_overlapping_template,0.301438185600,PASS
1,nist::non_overlapping_template,0.878386556138,PASS
1,nist::non_overlapping_template,0.127431163422,PASS
1,nist::non_overlapping_template,0.626979487915,PASS
1,nist::non_overlapping_template,0.981245581906,PASS
1,nist::non_overlapping_template,0.998089669531,PASS
1,nist::non_overlapping_template,0.424000737721,PASS
1,nist::non_overlapping_template,0.531011868310,PASS
1,nist::non_overlapping_template,0.688232390871,PASS
1,nist::non_overlapping_template,0.484447691425,PASS
1,nist::non_overlapping_template,0.294559165452,PASS
1,nist::non_overlapping_template,0.865749295041,PASS
1,nist::non_overlapping_template,0.851789105862,PASS
1,nist::non_overlapping_template,0.831631996484,PASS
1,nist::non_overlapping_template,0.169382525239,PASS
1,nist::non_overlapping_template,0.614263671617,PASS
1,nist::non_overlapping_template,0.017186540604,PASS
1,nist::non_overlapping_template,0.462790924296,PASS
1,nist::non_overlapping_template,0.591507322664,PASS
1,nist::non_overlapping_template,0.573884491424,PASS
1,nist::non_overlapping_template,0.837944150047,PASS
1,nist::non_overlapping_template,0.684094095109,PASS
1,nist::non_overlapping_template,0.262123453992,PASS
1,nist::non_overlapping_template,0.975971760385,PASS
1,nist::non_overlapping_template,0.149416468617,PASS
1,nist::non_overlapping_template,0.700723648219,PASS
1,nist::non_overlapping_template,0.293188551363,PASS
1,nist::non_overlapping_template,0.184496859545,PASS
1,nist::non_overlapping_template,0.942298891349,PASS
1,nist::non_overlapping_template,0.590943652606,PASS
1,nist::non_overlapping_template,0.384576142599,PASS
1,nist::non_overlapping_template,0.905299632067,PASS
1,nist::non_overlapping_template,0.544093733393,PASS
1,nist::non_overlapping_template,0.428798837037,PASS
1,nist::non_overlapping_template,0.005539828613,FAIL
1,nist::non_overlapping_template,0.906226478445,PASS
1,nist::non_overlapping_template,0.668061102693,PASS
1,nist::non_overlapping_template,0.041154582301,PASS
1,nist::non_overlapping_template,0.402465258274,PASS
1,nist::non_overlapping_template,0.430913431531,PASS
1,nist::non_overlapping_template,0.888562969880,PASS
1,nist::non_overlapping_template,0.684220792768,PASS
1,nist::non_overlapping_template,0.113535313268,PASS
1,nist::non_overlapping_template,0.769828061641,PASS
1,nist::non_overlapping_template,0.998768268439,PASS
1,nist::serial_delta1,0.825022135068,PASS
1,nist::serial_delta2,0.990203324636,PASS
1,maurer::universal_l06,0.289593815995,PASS
1,maurer::universal_l07,0.049502544136,PASS
1,maurer::universal_l08,0.737736203838,PASS
1,maurer::universal_l09,0.686528087411,PASS
1,maurer::universal_l10,0.566909728672,PASS
1,maurer::universal_l11,0.625262533173,PASS
1,maurer::universal_l12,0.945228027382,PASS
1,maurer::universal_l13,0.156593279157,PASS
1,maurer::universal_l14,0.316166478950,PASS
1,maurer::universal_l15,0.271449907150,PASS
1,maurer::universal_l16,NaN,FAIL
1,nist::random_excursions,0.450037145590,PASS
1,nist::random_excursions,0.082105362636,PASS
1,nist::random_excursions,0.022907362195,PASS
1,nist::random_excursions,0.265765027689,PASS
1,nist::random_excursions,0.436821289165,PASS
1,nist::random_excursions,0.868881738513,PASS
1,nist::random_excursions,0.782428376502,PASS
1,nist::random_excursions,0.686253855259,PASS
1,nist::random_excursions_variant,0.196186576073,PASS
1,nist::random_excursions_variant,0.327311846702,PASS
1,nist::random_excursions_variant,0.374883701334,PASS
1,nist::random_excursions_variant,0.289037537583,PASS
1,nist::random_excursions_variant,0.245142483657,PASS
1,nist::random_excursions_variant,0.183823099912,PASS
1,nist::random_excursions_variant,0.140178303755,PASS
1,nist::random_excursions_variant,0.115791258604,PASS
1,nist::random_excursions_variant,0.104273585359,PASS
1,nist::random_excursions_variant,0.599594209710,PASS
1,nist::random_excursions_variant,1.000000200000,PASS
1,nist::random_excursions_variant,0.729699520409,PASS
1,nist::random_excursions_variant,0.541695170189,PASS
1,nist::random_excursions_variant,0.558940247867,PASS
1,nist::random_excursions_variant,0.482775205373,PASS
1,nist::random_excursions_variant,0.313338434317,PASS
1,nist::random_excursions_variant,0.248723098696,PASS
1,nist::random_excursions_variant,0.192881416436,PASS
2,nist::frequency,0.389185257232,PASS
2,nist::block_frequency,0.828540458868,PASS
2,nist::runs,0.173144999265,PASS
2,nist::longest_run,0.552523101936,PASS
2,nist::matrix_rank,0.259011452574,PASS
2,nist::spectral,0.033982042678,PASS
2,nist::overlapping_template,0.643632913996,PASS
2,nist::universal,0.259944793196,PASS
2,nist::linear_complexity,0.538420860927,PASS
2,nist::approximate_entropy,0.377606106952,PASS
2,nist::cumulative_sums_forward,0.503592066231,PASS
2,nist::cumulative_sums_backward,0.089785934262,PASS
2,nist::non_overlapping_template,0.735891647917,PASS
2,nist::non_overlapping_template,0.898245582510,PASS
2,nist::non_overlapping_template,0.680773875217,PASS
2,nist::non_overlapping_template,0.368257234257,PASS
2,nist::non_overlapping_template,0.697662453384,PASS
2,nist::non_overlapping_template,0.613588941142,PASS
2,nist::non_overlapping_template,0.030797031859,PASS
2,nist::non_overlapping_template,0.202161912693,PASS
2,nist::non_overlapping_template,0.450766079840,PASS
2,nist::non_overlapping_template,0.773962494697,PASS
2,nist::non_overlapping_template,0.264488999325,PASS
2,nist::non_overlapping_template,0.308258806884,PASS
2,nist::non_overlapping_template,0.615033650302,PASS
2,nist::non_overlapping_template,0.475770304547,PASS
2,nist::non_overlapping_template,0.235630820097,PASS
2,nist::non_overlapping_template,0.284669693185,PASS
2,nist::non_overlapping_template,0.696209446797,PASS
2,nist::non_overlapping_template,0.879918390646,PASS
2,nist::non_overlapping_template,0.527379468792,PASS
2,nist::non_overlapping_template,0.528522060741,PASS
2,nist::non_overlapping_template,0.184265809115,PASS
2,nist::non_overlapping_template,0.815737237853,PASS
2,nist::non_overlapping_template,0.396516217433,PASS
2,nist::non_overlapping_template,0.726629950827,PASS
2,nist::non_overlapping_template,0.623800254841,PASS
2,nist::non_overlapping_template,0.190966820174,PASS
2,nist::non_overlapping_template,0.110858598570,PASS
2,nist::non_overlapping_template,0.461242264675,PASS
2,nist::non_overlapping_template,0.966300769227,PASS
2,nist::non_overlapping_template,0.557156598720,PASS
2,nist::non_overlapping_template,0.831486573355,PASS
2,nist::non_overlapping_template,0.962225833732,PASS
2,nist::non_overlapping_template,0.110107027936,PASS
2,nist::non_overlapping_template,0.705593237102,PASS
2,nist::non_overlapping_template,0.016748669235,PASS
2,nist::non_overlapping_template,0.867842250666,PASS
2,nist::non_overlapping_template,0.276207744311,PASS
2,nist::non_overlapping_template,0.867803615430,PASS
2,nist::non_overlapping_template,0.103165165395,PASS
2,nist::non_overlapping_template,0.495677755317,PASS
2,nist::non_overlapping_template,0.637818059791,PASS
2,nist::non_overlapping_template,0.115639567995,PASS
2,nist::non_overlapping_template,0.814437745573,PASS
2,nist::non_overlapping_template,0.372677286369,PASS
2,nist::non_overlapping_template,0.206034192496,PASS
2,nist::non_overlapping_template,0.058495665521,PASS
2,nist::non_overlapping_template,0.862713627342,PASS
2,nist::non_overlapping_template,0.156953788066,PASS
2,nist::non_overlapping_template,0.284951393075,PASS
2,nist::non_overlapping_template,0.755619142923,PASS
2,nist::non_overlapping_template,0.703319645988,PASS
2,nist::non_overlapping_template,0.969804415327,PASS
2,nist::non_overlapping_template,0.810037469650,PASS
2,nist::non_overlapping_template,0.822408300661,PASS
2,nist::non_overlapping_template,0.574611290967,PASS
2,nist::non_overlapping_template,0.181423142423,PASS
2,nist::non_overlapping_template,0.230299653036,PASS
2,nist::non_overlapping_template,0.184455286147,PASS
2,nist::non_overlapping_template,0.706414052946,PASS
2,nist::non_overlapping_template,0.889668245521,PASS
2,nist::non_overlapping_template,0.617339015725,PASS
2,nist::non_overlapping_template,0.262717184285,PASS
2,nist::non_overlapping_template,0.374694373947,PASS
2,nist::non_overlapping_template,0.210912648260,PASS
2,nist::non_overlapping_template,0.413244651375,PASS
2,nist::non_overlapping_template,0.772164424906,PASS
2,nist::non_overlapping_template,0.437691763535,PASS
2,nist::non_overlapping_template,0.032564948140,PASS
2,nist::non_overlapping_template,0.133668505975,PASS
2,nist::non_overlapping_template,0.667559709784,PASS
2,nist::non_overlapping_template,0.079053678312,PASS
2,nist::non_overlapping_template,0.467287385999,PASS
2,nist::non_overlapping_template,0.362967854582,PASS
2,nist::non_overlapping_template,0.863130988512,PASS
2,nist::non_overlapping_template,0.735891647917,PASS
2,nist::non_overlapping_template,0.032897743781,PASS
2,nist::non_overlapping_template,0.451619993305,PASS
2,nist::non_overlapping_template,0.797711693956,PASS
2,nist::non_overlapping_template,0.905424491745,PASS
2,nist::non_overlapping_template,0.150293538286,PASS
2,nist::non_overlapping_template,0.993990350303,PASS
2,nist::non_overlapping_template,0.137754364829,PASS
2,nist::non_overlapping_template,0.167520958875,PASS
2,nist::non_overlapping_template,0.804782475029,PASS
2,nist::non_overlapping_template,0.151975180568,PASS
2,nist::non_overlapping_template,0.011555130958,PASS
2,nist::non_overlapping_template,0.061196493511,PASS
2,nist::non_overlapping_template,0.889672074686,PASS
2,nist::non_overlapping_template,0.651066522202,PASS
2,nist::non_overlapping_template,0.527438691441,PASS
2,nist::non_overlapping_template,0.869272586608,PASS
2,nist::non_overlapping_template,0.365583391355,PASS
2,nist::non_overlapping_template,0.975599436292,PASS
2,nist::non_overlapping_template,0.895202303226,PASS
2,nist::non_overlapping_template,0.412478423348,PASS
2,nist::non_overlapping_template,0.867423914446,PASS
2,nist::non_overlapping_template,0.601880213493,PASS
2,nist::non_overlapping_template,0.789592770888,PASS
2,nist::non_overlapping_template,0.123279801833,PASS
2,nist::non_overlapping_template,0.486216886022,PASS
2,nist::non_overlapping_template,0.741007672589,PASS
2,nist::non_overlapping_template,0.890108208649,PASS
2,nist::non_overlapping_template,0.329022432970,PASS
2,nist::non_overlapping_template,0.780202667170,PASS
2,nist::non_overlapping_template,0.113443464278,PASS
2,nist::non_overlapping_template,0.320096146275,PASS
2,nist::non_overlapping_template,0.561432041287,PASS
2,nist::non_overlapping_template,0.418826497586,PASS
2,nist::non_overlapping_template,0.170606368439,PASS
2,nist::non_overlapping_template,0.525005872293,PASS
2,nist::non_overlapping_template,0.151797046541,PASS
2,nist::non_overlapping_template,0.146281896069,PASS
2,nist::non_overlapping_template,0.464124778288,PASS
2,nist::non_overlapping_template,0.232963820844,PASS
2,nist::non_overlapping_template,0.825901879095,PASS
2,nist::non_overlapping_template,0.763221954953,PASS
2,nist::non_overlapping_template,0.073255323545,PASS
2,nist::non_overlapping_template,0.202013231569,PASS
2,nist::non_overlapping_template,0.404648788197,PASS
2,nist::non_overlapping_template,0.680048211959,PASS
2,nist::non_overlapping_template,0.906109230471,PASS
2,nist::non_overlapping_template,0.468614864317,PASS
2,nist::non_overlapping_template,0.752557804876,PASS
2,nist::non_overlapping_template,0.184936345122,PASS
2,nist::non_overlapping_template,0.468343437886,PASS
2,nist::non_overlapping_template,0.572414232367,PASS
2,nist::non_overlapping_template,0.936067076290,PASS
2,nist::non_overlapping_template,0.193896723488,PASS
2,nist::non_overlapping_template,0.002509477919,FAIL
2,nist::non_overlapping_template,0.828661799129,PASS
2,nist::non_overlapping_template,0.998245677429,PASS
2,nist::non_overlapping_template,0.232416647814,PASS
2,nist::non_overlapping_template,0.996412919850,PASS
2,nist::non_overlapping_template,0.859511941897,PASS
2,nist::non_overlapping_template,0.377264521210,PASS
2,nist::non_overlapping_template,0.276045527347,PASS
2,nist::non_overlapping_template,0.290883664111,PASS
2,nist::non_overlapping_template,0.606381240066,PASS
2,nist::non_overlapping_template,0.513863642567,PASS
2,nist::non_overlapping_template,0.104056770159,PASS
2,nist::non_overlapping_template,0.239850860882,PASS
2,nist::non_overlapping_template,0.650180784994,PASS
2,nist::non_overlapping_template,0.200552643537,PASS
2,nist::non_overlapping_template,0.904150854210,PASS
2,nist::non_overlapping_template,0.866797464485,PASS
2,nist::non_overlapping_template,0.088425662681,PASS
2,nist::non_overlapping_template,0.148708916862,PASS
2,nist::non_overlapping_template,0.863130988512,PASS
2,nist::serial_delta1,0.454244205640,PASS
2,nist::serial_delta2,0.618390046763,PASS
2,maurer::universal_l06,0.733242209534,PASS
2,maurer::universal_l07,0.966570543136,PASS
2,maurer::universal_l08,0.520086372541,PASS
2,maurer::universal_l09,0.259944793196,PASS
2,maurer::universal_l10,0.394980387088,PASS
2,maurer::universal_l11,0.463147593402,PASS
2,maurer::universal_l12,0.874179106229,PASS
2,maurer::universal_l13,0.934655630025,PASS
2,maurer::universal_l14,0.208375301125,PASS
2,maurer::universal_l15,0.370953775864,PASS
2,maurer::universal_l16,NaN,FAIL
2,nist::random_excursions,0.057120818757,PASS
2,nist::random_excursions,0.482547815285,PASS
2,nist::random_excursions,0.373280433445,PASS
2,nist::random_excursions,0.221380319680,PASS
2,nist::random_excursions,0.515717000570,PASS
2,nist::random_excursions,0.245720441216,PASS
2,nist::random_excursions,0.869372879975,PASS
2,nist::random_excursions,0.214369459085,PASS
2,nist::random_excursions_variant,0.714733440616,PASS
2,nist::random_excursions_variant,0.630143219855,PASS
2,nist::random_excursions_variant,0.483862268648,PASS
2,nist::random_excursions_variant,0.260758292540,PASS
2,nist::random_excursions_variant,0.127044878428,PASS
2,nist::random_excursions_variant,0.095697102529,PASS
2,nist::random_excursions_variant,0.115168102530,PASS
2,nist::random_excursions_variant,0.160615961528,PASS
2,nist::random_excursions_variant,0.559239866892,PASS
2,nist::random_excursions_variant,0.763106268752,PASS
2,nist::random_excursions_variant,0.601637154948,PASS
2,nist::random_excursions_variant,0.443301434432,PASS
2,nist::random_excursions_variant,0.926253094850,PASS
2,nist::random_excursions_variant,0.801682563269,PASS
2,nist::random_excursions_variant,0.637338305036,PASS
2,nist::random_excursions_variant,0.653200433260,PASS
2,nist::random_excursions_variant,0.984477798306,PASS
2,nist::random_excursions_variant,0.912685488388,PASS
3,nist::frequency,0.319707371694,PASS
3,nist::block_frequency,0.216761444716,PASS
3,nist::runs,0.260784836704,PASS
3,nist::longest_run,0.247244353141,PASS
3,nist::matrix_rank,0.666065545531,PASS
3,nist::spectral,0.313367699394,PASS
3,nist::overlapping_template,0.429971102881,PASS
3,nist::universal,0.921102776424,PASS
3,nist::linear_complexity,0.202778675318,PASS
3,nist::approximate_entropy,0.547499968967,PASS
3,nist::cumulative_sums_forward,0.608608931714,PASS
3,nist::cumulative_sums_backward,0.236088582969,PASS
3,nist::non_overlapping_template,0.782583285418,PASS
3,nist::non_overlapping_template,0.634778290059,PASS
3,nist::non_overlapping_template,0.570047567298,PASS
3,nist::non_overlapping_template,0.261523064507,PASS
3,nist::non_overlapping_template,0.110253873594,PASS
3,nist::non_overlapping_template,0.052845121080,PASS
3,nist::non_overlapping_template,0.982968869568,PASS
3,nist::non_overlapping_template,0.924391004783,PASS
3,nist::non_overlapping_template,0.261307092092,PASS
3,nist::non_overlapping_template,0.467587389515,PASS
3,nist::non_overlapping_template,0.656816928674,PASS
3,nist::non_overlapping_template,0.101401138934,PASS
3,nist::non_overlapping_template,0.786875994331,PASS
3,nist::non_overlapping_template,0.629799720507,PASS
3,nist::non_overlapping_template,0.354125826975,PASS
3,nist::non_overlapping_template,0.788638861888,PASS
3,nist::non_overlapping_template,0.119122247413,PASS
3,nist::non_overlapping_template,0.649802441172,PASS
3,nist::non_overlapping_template,0.297092480893,PASS
3,nist::non_overlapping_template,0.256966251422,PASS
3,nist::non_overlapping_template,0.071811245138,PASS
3,nist::non_overlapping_template,0.693490735177,PASS
3,nist::non_overlapping_template,0.153954939563,PASS
3,nist::non_overlapping_template,0.685649366491,PASS
3,nist::non_overlapping_template,0.934061980417,PASS
3,nist::non_overlapping_template,0.981825700314,PASS
3,nist::non_overlapping_template,0.431536026423,PASS
3,nist::non_overlapping_template,0.367965260002,PASS
3,nist::non_overlapping_template,0.122081443994,PASS
3,nist::non_overlapping_template,0.865159958919,PASS
3,nist::non_overlapping_template,0.020884889851,PASS
3,nist::non_overlapping_template,0.297302291105,PASS
3,nist::non_overlapping_template,0.592992294200,PASS
3,nist::non_overlapping_template,0.826841907175,PASS
3,nist::non_overlapping_template,0.225319598405,PASS
3,nist::non_overlapping_template,0.408068349372,PASS
3,nist::non_overlapping_template,0.158534610776,PASS
3,nist::non_overlapping_template,0.563396055941,PASS
3,nist::non_overlapping_template,0.197707285041,PASS
3,nist::non_overlapping_template,0.194686161559,PASS
3,nist::non_overlapping_template,0.122438827759,PASS
3,nist::non_overlapping_template,0.592743579120,PASS
3,nist::non_overlapping_template,0.668821950418,PASS
3,nist::non_overlapping_template,0.461377726879,PASS
3,nist::non_overlapping_template,0.272205246353,PASS
3,nist::non_overlapping_template,0.272764011975,PASS
3,nist::non_overlapping_template,0.584799728991,PASS
3,nist::non_overlapping_template,0.960437984941,PASS
3,nist::non_overlapping_template,0.170623515425,PASS
3,nist::non_overlapping_template,0.809158195743,PASS
3,nist::non_overlapping_template,0.534922168322,PASS
3,nist::non_overlapping_template,0.555851938228,PASS
3,nist::non_overlapping_template,0.958443959398,PASS
3,nist::non_overlapping_template,0.195095787960,PASS
3,nist::non_overlapping_template,0.393851868119,PASS
3,nist::non_overlapping_template,0.515873434562,PASS
3,nist::non_overlapping_template,0.560956897668,PASS
3,nist::non_overlapping_template,0.835753187740,PASS
3,nist::non_overlapping_template,0.611628729831,PASS
3,nist::non_overlapping_template,0.750955294718,PASS
3,nist::non_overlapping_template,0.158552934635,PASS
3,nist::non_overlapping_template,0.865285142168,PASS
3,nist::non_overlapping_template,0.414097325557,PASS
3,nist::non_overlapping_template,0.494352457921,PASS
3,nist::non_overlapping_template,0.287180628563,PASS
3,nist::non_overlapping_template,0.799847332701,PASS
3,nist::non_overlapping_template,0.294020411492,PASS
3,nist::non_overlapping_template,0.418235537168,PASS
3,nist::non_overlapping_template,0.273235216574,PASS
3,nist::non_overlapping_template,0.707649957250,PASS
3,nist::non_overlapping_template,0.683548543700,PASS
3,nist::non_overlapping_template,0.599443138145,PASS
3,nist::non_overlapping_template,0.584015710593,PASS
3,nist::non_overlapping_template,0.818355180831,PASS
3,nist::non_overlapping_template,0.782583285418,PASS
3,nist::non_overlapping_template,0.001454958847,FAIL
3,nist::non_overlapping_template,0.645191507950,PASS
3,nist::non_overlapping_template,0.435895812116,PASS
3,nist::non_overlapping_template,0.395033695962,PASS
3,nist::non_overlapping_template,0.085449519881,PASS
3,nist::non_overlapping_template,0.464428560500,PASS
3,nist::non_overlapping_template,0.751922155909,PASS
3,nist::non_overlapping_template,0.974999242903,PASS
3,nist::non_overlapping_template,0.819493516205,PASS
3,nist::non_overlapping_template,0.432645639268,PASS
3,nist::non_overlapping_template,0.982057386868,PASS
3,nist::non_overlapping_template,0.524384408084,PASS
3,nist::non_overlapping_template,0.904379221704,PASS
3,nist::non_overlapping_template,0.969221040700,PASS
3,nist::non_overlapping_template,0.203257345819,PASS
3,nist::non_overlapping_template,0.131347112732,PASS
3,nist::non_overlapping_template,0.057617959041,PASS
3,nist::non_overlapping_template,0.641040480363,PASS
3,nist::non_overlapping_template,0.757179534511,PASS
3,nist::non_overlapping_template,0.993979505116,PASS
3,nist::non_overlapping_template,0.493334838168,PASS
3,nist::non_overlapping_template,0.713131465030,PASS
3,nist::non_overlapping_template,0.257671427484,PASS
3,nist::non_overlapping_template,0.979237633087,PASS
3,nist::non_overlapping_template,0.561060555313,PASS
3,nist::non_overlapping_template,0.724536451635,PASS
3,nist::non_overlapping_template,0.111813742272,PASS
3,nist::non_overlapping_template,0.577250940828,PASS
3,nist::non_overlapping_template,0.173481174116,PASS
3,nist::non_overlapping_template,0.798989076306,PASS
3,nist::non_overlapping_template,0.255548462879,PASS
3,nist::non_overlapping_template,0.184609146212,PASS
3,nist::non_overlapping_template,0.925566560236,PASS
3,nist::non_overlapping_template,0.280531221797,PASS
3,nist::non_overlapping_template,0.111114258066,PASS
3,nist::non_overlapping_template,0.971958106470,PASS
3,nist::non_overlapping_template,0.735434829873,PASS
3,nist::non_overlapping_template,0.430887308894,PASS
3,nist::non_overlapping_template,0.288009426625,PASS
3,nist::non_overlapping_template,0.008347373475,FAIL
3,nist::non_overlapping_template,0.166375147036,PASS
3,nist::non_overlapping_template,0.410789976071,PASS
3,nist::non_overlapping_template,0.579506674417,PASS
3,nist::non_overlapping_template,0.900850260136,PASS
3,nist::non_overlapping_template,0.982289080101,PASS
3,nist::non_overlapping_template,0.341233184241,PASS
3,nist::non_overlapping_template,0.219875318999,PASS
3,nist::non_overlapping_template,0.578034542160,PASS
3,nist::non_overlapping_template,0.167094626247,PASS
3,nist::non_overlapping_template,0.177190058446,PASS
3,nist::non_overlapping_template,0.346375670374,PASS
3,nist::non_overlapping_template,0.171348896858,PASS
3,nist::non_overlapping_template,0.523970818135,PASS
3,nist::non_overlapping_template,0.422184855126,PASS
3,nist::non_overlapping_template,0.107362458068,PASS
3,nist::non_overlapping_template,0.205401781832,PASS
3,nist::non_overlapping_template,0.557782545323,PASS
3,nist::non_overlapping_template,0.543151241146,PASS
3,nist::non_overlapping_template,0.781893494616,PASS
3,nist::non_overlapping_template,0.512303607247,PASS
3,nist::non_overlapping_template,0.765475889465,PASS
3,nist::non_overlapping_template,0.786988640221,PASS
3,nist::non_overlapping_template,0.909003120030,PASS
3,nist::non_overlapping_template,0.402313148872,PASS
3,nist::non_overlapping_template,0.055616490025,PASS
3,nist::non_overlapping_template,0.772603069497,PASS
3,nist::non_overlapping_template,0.898930964862,PASS
3,nist::non_overlapping_template,0.671264540058,PASS
3,nist::non_overlapping_template,0.551398785758,PASS
3,nist::non_overlapping_template,0.901583137741,PASS
3,nist::non_overlapping_template,0.975847476998,PASS
3,nist::non_overlapping_template,0.235910273657,PASS
3,nist::non_overlapping_template,0.818355180831,PASS
3,nist::serial_delta1,0.532502951630,PASS
3,nist::serial_delta2,0.712948211498,PASS
3,maurer::universal_l06,0.354840825465,PASS
3,maurer::universal_l07,0.596994480423,PASS
3,maurer::universal_l08,0.994246437552,PASS
3,maurer::universal_l09,0.921102776424,PASS
3,maurer::universal_l10,0.912425313786,PASS
3,maurer::universal_l11,0.102234311295,PASS
3,maurer::universal_l12,0.384514739246,PASS
3,maurer::universal_l13,0.695752683173,PASS
3,maurer::universal_l14,0.202692912926,PASS
3,maurer::universal_l15,0.481390721661,PASS
3,maurer::universal_l16,NaN,FAIL
3,nist::random_excursions,0.016412906907,PASS
3,nist::random_excursions,0.069465679986,PASS
3,nist::random_excursions,0.307041961443,PASS
3,nist::random_excursions,0.399178918448,PASS
3,nist::random_excursions,0.305849115736,PASS
3,nist::random_excursions,0.751799204074,PASS
3,nist::random_excursions,0.988616843564,PASS
3,nist::random_excursions,0.779691886511,PASS
3,nist::random_excursions_variant,0.000322192354,FAIL
3,nist::random_excursions_variant,0.001664038706,FAIL
3,nist::random_excursions_variant,0.003132831206,FAIL
3,nist::random_excursions_variant,0.003408892311,FAIL
3,nist::random_excursions_variant,0.004710319563,FAIL
3,nist::random_excursions_variant,0.009519132246,FAIL
3,nist::random_excursions_variant,0.028356294438,PASS
3,nist::random_excursions_variant,0.047172004118,PASS
3,nist::random_excursions_variant,0.071288969720,PASS
3,nist::random_excursions_variant,0.865346634335,PASS
3,nist::random_excursions_variant,0.823920191770,PASS
3,nist::random_excursions_variant,0.586005692389,PASS
3,nist::random_excursions_variant,0.260788954137,PASS
3,nist::random_excursions_variant,0.262626580279,PASS
3,nist::random_excursions_variant,0.180693447784,PASS
3,nist::random_excursions_variant,0.078876078685,PASS
3,nist::random_excursions_variant,0.050193555999,PASS
3,nist::random_excursions_variant,0.065292296024,PASS
